{
    "weights": [
        {
            "0": -0.22862068616964845,
            "1": 0.18956754235830958,
            "2": 0.18749210508687955,
            "3": 0.1719091034841426,
            "4": 0.07201670012128752,
            "5": 0.28684508924499713,
            "6": -0.22590569388595672,
            "7": -0.2770884085832734,
            "8": 0.017109898384310075,
            "9": -0.08681188683260749,
            "10": -0.19431067965139032,
            "11": -0.06141759835484668,
            "12": 0.17581220784889515,
            "13": 0.13367223397996508,
            "14": 0.10831428884424632,
            "15": 0.14214521296860944,
            "16": 0.09185160695500819,
            "17": 0.09760588670776368,
            "18": -0.19251293098702987,
            "19": 0.28680453771762243,
            "20": -0.18290724892249027,
            "21": -0.26352694907445007,
            "22": -0.007259022979714947,
            "23": 0.1880938635183332,
            "24": 0.019004534732930584,
            "25": 0.11791852569919392,
            "26": -0.25846297070472257,
            "27": 0.16890402603156027,
            "28": 0.08008858460799047,
            "29": 0.10965520111099256,
            "30": -0.0758966839314722,
            "31": 0.05775996273000434,
            "32": -0.2890215910265157,
            "33": -0.0069477758396357375,
            "34": 0.11091171717595563,
            "35": -0.09881586517689661,
            "36": -0.1879616014145955,
            "37": 0.2061243680072427,
            "39": 0.05866722105734382,
            "40": 0.29222515106010954,
            "41": 0.037738959149216815,
            "42": -0.03096167427496857,
            "43": 0.255837778239709,
            "44": -0.197907453147726,
            "45": 0.2623201104642904,
            "47": 0.32283162545040783,
            "48": 0.2044932595411433,
            "49": 0.2349471639150911
        },
        {
            "0": 0.13806701721667197,
            "1": -0.15229821907157423,
            "2": 0.021891819184642745,
            "3": 0.17562490742433398,
            "4": -0.2731805349919463,
            "5": -0.013175697038990623,
            "6": 0.2956969399562943,
            "7": 0.12068782780542955,
            "9": -0.14286111233930468,
            "10": 0.2146629817953906,
            "11": -0.23425474082550718,
            "12": 0.2542560455520268,
            "13": -0.13518046383165433,
            "14": -0.17794416917889244,
            "15": -0.15717096002847597,
            "16": -0.05892826290406667,
            "17": -0.17777509542293918,
            "18": -0.10764239646796941,
            "19": -0.23300675302245977,
            "20": 0.14225088827437227,
            "21": 0.013391080858094671,
            "22": 0.13943105416161153,
            "23": -0.1756137027210456,
            "24": 0.29088325863710257,
            "25": 0.09924784485953472,
            "26": 0.2311964107676302,
            "27": -0.1942203755700564,
            "29": 0.3116872330013377,
            "30": -0.06327919789929258,
            "31": 0.10948524947671949,
            "32": -0.16972798537134923,
            "33": -0.13812096182555156,
            "34": 0.2468312566451908,
            "35": 0.2204760767109064,
            "36": 0.036250846335891755,
            "37": -0.19165704327191418,
            "38": -0.15593672660108887,
            "39": -0.044802483806685375,
            "40": 0.1464055478922692,
            "41": -0.06964050626375135,
            "42": -0.0898986157039965,
            "43": -0.1813102399500134,
            "44": -0.05880916156391076,
            "45": -0.09210608927484108,
            "46": -0.07679638969922649,
            "47": -0.23161257745749864,
            "48": 0.18369299986708512,
            "49": 0.05933176531450601
        }
    ],
    "metadata": {
        "input_size": 50,
        "output_size": 2,
        "timestamp": 1771397091.817266
    }
}