{
    "weights": [
        {
            "0": 0.21424315533708105,
            "1": 0.43492320186305405,
            "2": -0.2489758249309525,
            "3": 0.3748310872314172,
            "4": -0.10222994469064386,
            "5": -0.18364693244904085,
            "6": -0.10244907095368727,
            "7": 0.1527351633619078,
            "8": 0.2856320896497821,
            "9": -0.18400678567878453,
            "10": 0.6345964115375368,
            "11": 0.2741210408503416,
            "12": -0.13746462341404656,
            "13": -0.07244734167490968,
            "14": 0.04116842469069516,
            "15": -0.26846580644181395,
            "16": 0.9576997041839923,
            "17": 0.1726580160868956,
            "18": 0.2757859701031435,
            "19": -0.23005231824268504,
            "20": 0.09300433624086318,
            "21": 0.11795289952111776,
            "22": -0.22860922772702438,
            "24": 0.02124629105894972,
            "25": -0.11155742529731418,
            "26": 0.6250419446192501,
            "27": 0.10005682003522733,
            "28": 0.05711987528408799,
            "29": 0.8200715644740182,
            "30": -0.2668730173173504,
            "31": 0.24667276634678464,
            "32": -0.3564686431063622,
            "34": 1.2910966749290487,
            "35": 1.1255952334486197,
            "36": 0.20944259053178682,
            "37": 0.16710626998803196,
            "38": -0.1449220150934198,
            "39": -0.10699416710379708,
            "40": -0.18118156408246067,
            "41": -0.04515594936894263,
            "42": 0.06828729297339618,
            "43": 0.4014474684759751,
            "44": -0.07899552699590125,
            "45": 0.22368684140998532,
            "46": -0.03689042406315035,
            "47": 0.20913708873353865,
            "48": 0.21992114739477936,
            "49": 0.06516046527855085
        },
        {
            "0": -0.05946753044140726,
            "1": -0.26093359197304133,
            "2": 0.05362778032820856,
            "3": -0.14931457685283445,
            "4": -0.2805352418135436,
            "5": -0.040281394789024476,
            "6": -0.027897652186828673,
            "7": 0.2792473487359973,
            "8": -0.23988457741771885,
            "9": -0.15610671831833683,
            "10": 0.13858447903140864,
            "11": -0.12220364561692904,
            "12": -0.130704787302092,
            "13": -0.03147713179828236,
            "14": 0.050092264208116744,
            "15": 0.2863810018330165,
            "16": -0.06538879901118391,
            "17": 1.1194205689914671,
            "18": 0.07584501359894166,
            "20": 0.09604798430730963,
            "21": 0.0421273518960766,
            "22": 0.12475384842407211,
            "23": 0.12150763419685534,
            "24": 0.2659982443715448,
            "25": -0.14485660263169486,
            "26": -0.3142212865237336,
            "27": -0.06434406553362831,
            "28": 0.2158646402325226,
            "29": 0.17886661409561683,
            "30": 0.020065983807582045,
            "31": 0.017321172723865963,
            "32": 1.374032559000882,
            "33": 0.14687346197057072,
            "34": -0.28400651222841716,
            "35": 0.18426939684162003,
            "36": 0.08612011583089245,
            "37": -0.1378961873388624,
            "39": 0.19912441189261498,
            "40": 0.17374465383490978,
            "41": 0.1045881717746433,
            "42": 0.26210188998785283,
            "43": -0.31202017139505567,
            "44": -0.06964827398967197,
            "45": 0.10516405945127405,
            "46": 0.21742382557724155,
            "47": 1.4061935644996693,
            "48": 0.24081447783521787,
            "49": -0.0319570763183934
        }
    ],
    "metadata": {
        "input_size": 50,
        "output_size": 2,
        "timestamp": 1771461146.386223
    }
}